{
  "n_bits": 2,
  "true_k": 3,
  "shots": 4096,
  "success_probability": 0.249755859375,
  "random_expected_success": 0.25,
  "success_ratio_vs_random": 0.9990234375,
  "chi2_statistic": 14.701171875,
  "chi2_p_value": 0.002090672111483694,
  "kl_divergence_from_uniform": 0.002414692036271542,
  "total_variation_distance": 0.029052734375,
  "has_quantum_advantage": false
}